
insert into Klient values ('KL001', 'Jan', 'Kowalski', 'Nowa 5/4 Warszawa');
insert into Klient values ('KL002', 'Jakub', 'Nowak', 'Malinowa 145/5 Krakow');
insert into Klient values ('KL003', 'Adam', 'Malinowski', 'Stara 18 Lodz');
insert into Klient values ('KL004', 'Adrian', 'Wawrzykowski', 'Kluczowa 188 Gdansk');
insert into Klient values ('KL005', 'Jonatan', 'Kot', 'Fioletowa 4 Warszawa');
insert into Klient values ('KL006', 'Tomasz', 'Owocowski', 'Chromowa 67/6 Warszawa');
insert into Klient values ('KL007', 'Oliwia', 'Sadowska', 'Zielona 11/11 Warszawa');
insert into Klient values ('KL008', 'Aleksander', 'Szydlowski', 'Czarna 66 Warszawa');
insert into Klient values ('KL009', 'Zuzanna', 'Mazur', 'Szara 44/44 Lodz');
insert into Klient values ('KL010', 'Sebastian', 'Zając', 'Biala 22/2 Pabianice');

insert into Miasta values ('ZAK', 'Zakopane');
insert into Miasta values ('WAW', 'Warszawa');
insert into Miasta values ('RZE', 'Rzeszow');
insert into Miasta values ('KRA', 'Krakow');

insert into Magazyn values ('MA001', 'ZAK', 'Nowa 8 Zakopane')
insert into Magazyn values ('MA002', 'ZAK', 'Nartowa 67 Zakopane')
insert into Magazyn values ('MA003', 'WAW', 'Koronowa 234 Warszawa')
insert into Magazyn values ('MA004', 'RZE', 'Czynna 99 Rzeszow')
insert into Magazyn values ('MA005', 'RZE', 'Zajeta 89 Rzeszow')
insert into Magazyn values ('MA006', 'KRA', 'Ulicowa 628 Krakow')

insert into Sprzet values ('SP001','MA001', 'Kask Duzy', 10.00, 'Na magazynie');
insert into Sprzet values ('SP002','MA001', 'Kask Sredni', 10.00, 'Na magazynie');
insert into Sprzet values ('SP003','MA001', 'Kask Sredni', 10.00, 'Na magazynie');
insert into Sprzet values ('SP004','MA001', 'Narty 170', 30.00, 'Na magazynie');
insert into Sprzet values ('SP005','MA001', 'Narty 170', 30.00, 'Na magazynie');
insert into Sprzet values ('SP006','MA001', 'Narty 175', 30.00, 'Na magazynie');
insert into Sprzet values ('SP007','MA001', 'Narty 185', 30.00, 'Na magazynie');
insert into Sprzet values ('SP008','MA001', 'Snowboard', 25.00, 'Na magazynie');
insert into Sprzet values ('SP009','MA001', 'Snowboard', 25.00, 'Na magazynie');
insert into Sprzet values ('SP010','MA001', 'Kijki', 8.50, 'Na magazynie');
insert into Sprzet values ('SP011','MA001', 'Gogle Male', 5.50, 'Na magazynie');
insert into Sprzet values ('SP012','MA001', 'Kurtka S', 15.00, 'Na magazynie');
insert into Sprzet values ('SP013','MA001', 'Kurtka M', 15.00, 'Na magazynie');
insert into Sprzet values ('SP014','MA001', 'Kurtka L', 15.00, 'Na magazynie');
insert into Sprzet values ('SP015','MA001', 'Kurtka L', 15.00, 'Na magazynie');
insert into Sprzet values ('SP016','MA001', 'Spodnie S', 12.00, 'Na magazynie');
insert into Sprzet values ('SP017','MA001', 'Spodnie S', 12.00, 'Na magazynie');
insert into Sprzet values ('SP018','MA002', 'Kijki', 8.50, 'Na magazynie');
insert into Sprzet values ('SP019','MA002', 'Kijki', 8.50, 'Zepsuty');
insert into Sprzet values ('SP020','MA002', 'Kijki', 8.50, 'Zepsuty');
insert into Sprzet values ('SP021','MA002', 'Kijki', 8.50, 'Na magazynie');
insert into Sprzet values ('SP022','MA002', 'Kijki', 8.50, 'Na magazynie');
insert into Sprzet values ('SP023','MA002', 'Kijki', 8.50, 'Wypozyczony');
insert into Sprzet values ('SP024','MA002', 'Gogle Male', 5.50, 'Na magazynie');
insert into Sprzet values ('SP025','MA002', 'Gogle Male', 5.50, 'Na magazynie');
insert into Sprzet values ('SP026','MA002', 'Gogle Duze', 5.50, 'Na magazynie');
insert into Sprzet values ('SP027','MA002', 'Gogle Duze', 5.50, 'Na magazynie');
insert into Sprzet values ('SP028','MA003', 'Kurtka S', 15.00, 'Na magazynie');
insert into Sprzet values ('SP029','MA003', 'Kurtka M', 15.00, 'Na magazynie');
insert into Sprzet values ('SP030','MA003', 'Kurtka M', 15.00, 'Na magazynie');
insert into Sprzet values ('SP031','MA003', 'Kurtka M', 15.00, 'Na magazynie');
insert into Sprzet values ('SP032','MA003', 'Kurtka L', 15.00, 'Na magazynie');
insert into Sprzet values ('SP033','MA003', 'Kurtka XL', 15.00, 'Wypozyczony');
insert into Sprzet values ('SP034','MA003', 'Spodnie S', 12.00, 'Na magazynie');
insert into Sprzet values ('SP035','MA003', 'Spodnie S', 12.00, 'Na magazynie');
insert into Sprzet values ('SP036','MA003', 'Spodnie M', 12.00, 'Na magazynie');
insert into Sprzet values ('SP037','MA003', 'Spodnie M', 12.00, 'Na magazynie');
insert into Sprzet values ('SP038','MA004', 'Narty 170', 30.00, 'Zepsuty');
insert into Sprzet values ('SP039','MA004', 'Narty 175', 30.00, 'Na magazynie');
insert into Sprzet values ('SP040','MA004', 'Narty 180', 30.00, 'Na magazynie');
insert into Sprzet values ('SP041','MA004', 'Narty 185', 30.00, 'Na magazynie');
insert into Sprzet values ('SP042','MA004', 'Narty 185', 30.00, 'Na magazynie');
insert into Sprzet values ('SP043','MA004', 'Snowboard', 25.00, 'Wypozyczony');
insert into Sprzet values ('SP044','MA004', 'Snowboard', 25.00, 'Na magazynie');
insert into Sprzet values ('SP045','MA004', 'Kijki', 8.50, 'Na magazynie');
insert into Sprzet values ('SP046','MA004', 'Kask Duzy', 10.00, 'Na magazynie');
insert into Sprzet values ('SP047','MA004', 'Kask Sredni', 10.00, 'Na magazynie');
insert into Sprzet values ('SP048','MA004', 'Kask Sredni', 10.00, 'Na magazynie');
insert into Sprzet values ('SP049','MA005', 'Kask Duzy', 10.00, 'Na magazynie');
insert into Sprzet values ('SP050','MA005', 'Kask Maly', 10.00, 'Zepsuty');
insert into Sprzet values ('SP051','MA005', 'Kask Maly', 10.00, 'Na magazynie');
insert into Sprzet values ('SP052','MA005', 'Narty 170', 30.00, 'Na magazynie');
insert into Sprzet values ('SP053','MA005', 'Narty 170', 30.00, 'Na magazynie');
insert into Sprzet values ('SP054','MA005', 'Narty 185', 30.00, 'Na magazynie');
insert into Sprzet values ('SP055','MA005', 'Narty 185', 30.00, 'Na magazynie');
insert into Sprzet values ('SP056','MA005', 'Snowboard', 25.00, 'Na magazynie');
insert into Sprzet values ('SP057','MA005', 'Snowboard', 25.00, 'Na magazynie');
insert into Sprzet values ('SP058','MA005', 'Kijki', 8.50, 'Zepsuty');
insert into Sprzet values ('SP059','MA005', 'Gogle Duze', 5.50, 'Na magazynie');
insert into Sprzet values ('SP060','MA005', 'Kurtka S', 15.00, 'Na magazynie');
insert into Sprzet values ('SP061','MA005', 'Kurtka M', 15.00, 'Na magazynie');
insert into Sprzet values ('SP062','MA005', 'Kurtka L', 15.00, 'Na magazynie');
insert into Sprzet values ('SP063','MA005', 'Kurtka L', 15.00, 'Na magazynie');
insert into Sprzet values ('SP064','MA005', 'Kurtka L', 12.00, 'Na magazynie');
insert into Sprzet values ('SP065','MA005', 'Spodnie L', 12.00, 'Na magazynie');
insert into Sprzet values ('SP066','MA006', 'Narty 170', 30.00, 'Na magazynie');
insert into Sprzet values ('SP067','MA006', 'Narty 170', 30.00, 'Zepsuty');
insert into Sprzet values ('SP068','MA006', 'Narty 185', 30.00, 'Na magazynie');
insert into Sprzet values ('SP069','MA006', 'Narty 185', 30.00, 'Na magazynie');
insert into Sprzet values ('SP070','MA006', 'Snowboard', 25.00, 'Na magazynie');
insert into Sprzet values ('SP071','MA006', 'Snowboard', 25.00, 'Na magazynie');
insert into Sprzet values ('SP072','MA006', 'Kijki', 8.50, 'Na magazynie');
insert into Sprzet values ('SP073','MA006', 'Gogle Duze', 5.50, 'Na magazynie');
insert into Sprzet values ('SP074','MA006', 'Kurtka S', 15.00, 'Na magazynie');
insert into Sprzet values ('SP075','MA006', 'Kurtka M', 15.00, 'Na magazynie');
insert into Sprzet values ('SP076','MA006', 'Kurtka L', 15.00, 'Na magazynie');
insert into Sprzet values ('SP077','MA006', 'Kurtka L', 15.00, 'Na magazynie');
insert into Sprzet values ('SP078','MA006', 'Kurtka L', 12.00, 'Na magazynie');
insert into Sprzet values ('SP079','MA006', 'Spodnie L', 12.00, 'Na magazynie');

insert into Stanowisko values ('ST001', 'Prezes', 5000.00);
insert into Stanowisko values ('ST002', 'Sprzedawca', 2800.00);
insert into Stanowisko values ('ST003', 'Ksiegowa', 3200.00);
insert into Stanowisko values ('ST004', 'Magazynier', 2400.00);

insert into Pracownik(ID_Pracownik, ID_Stanowisko, Imie, Nazwisko, Adres) values ('PR001', 'ST001', 'Edward', 'Kowalski', 'Szklana 2/10 Warszawa');
insert into Pracownik values ('PR002', 'ST002','MA001', 'Eustachy', 'Nowak', 'Drewniana 8/5 Zakopane');
insert into Pracownik values ('PR003', 'ST002','MA001', 'Eryk', 'Katusz', 'Metalowa 13 Zakopane');
insert into Pracownik values ('PR004', 'ST003','MA001', 'Anna', 'Kserowa', 'Olowiowa 1 Zakopane');
insert into Pracownik values ('PR005', 'ST004','MA001', 'Alojzy', 'Nowak', 'Ciezka 14/12 Zakopane');
insert into Pracownik values ('PR006', 'ST002','MA002', 'Krzysztof', 'Kserow', 'Lekka 2/67 Zakopane');
insert into Pracownik values ('PR007', 'ST004','MA002', 'Jakub', 'Jakubowicz', 'Jaracza 1 Zakopane');
insert into Pracownik values ('PR008', 'ST004','MA002', 'Jan', 'Janowski', 'Chromowa 23 Zakopane');
insert into Pracownik values ('PR009', 'ST002','MA003', 'Aleksandra', 'Chrzanowska', 'Wschodnia 45 Warszawa');
insert into Pracownik values ('PR010', 'ST002','MA003', 'Izabela', 'Olszewska', 'Zachodnia 3/85 Warszawa');
insert into Pracownik values ('PR011', 'ST004','MA003', 'Igor', 'Michalski', 'Polnocna 3 Warszawa');
insert into Pracownik values ('PR012', 'ST002','MA004', 'Mateusz', 'Nowak', 'Poludniowa 33/4 Rzeszow');
insert into Pracownik values ('PR013', 'ST004','MA004', 'Patryk', 'Leszczyński', 'Wlokiennicza 12 Rzeszow');
insert into Pracownik values ('PR014', 'ST002','MA005', 'Adrian', 'Duda', 'Artyleryjska 11/99 Rzeszow');
insert into Pracownik values ('PR015', 'ST004','MA005', 'Lena', 'Nowak', 'Zielona 111 Rzeszow');
insert into Pracownik values ('PR016', 'ST002','MA006', 'Szymon', 'Zukowski', 'Czerowna 234 Krakow');
insert into Pracownik values ('PR017', 'ST004','MA006', 'Iga', 'Tomczyk', 'Zolta 9/90 Krakow');

insert into Wypozyczenie values ('WY001', 'SP001', 'KL001', '2018/12/26', '2018/12/28')
insert into Wypozyczenie values ('WY002', 'SP075', 'KL004', '2018/12/26', '2018/12/28')
insert into Wypozyczenie values ('WY003', 'SP002', 'KL007', '2019/01/04', '2019/01/07')
insert into Wypozyczenie values ('WY004', 'SP001', 'KL008', '2019/01/07', '2019/01/09')
insert into Wypozyczenie values ('WY005', 'SP005', 'KL009', '2019/01/07', '2019/01/14')
insert into Wypozyczenie values ('WY006', 'SP001', 'KL002', '2019/01/10', '2019/01/12')
insert into Wypozyczenie values ('WY007', 'SP002', 'KL002', '2019/01/10', '2019/01/12')
insert into Wypozyczenie values ('WY008', 'SP003', 'KL002', '2019/01/10', '2019/01/12')
insert into Wypozyczenie values ('WY009', 'SP004', 'KL002', '2019/01/10', '2019/01/13')
insert into Wypozyczenie values ('WY010', 'SP055', 'KL009', '2019/01/15', '2019/01/19')
insert into Wypozyczenie values ('WY011', 'SP044', 'KL009', '2019/01/16', '2019/01/18')
insert into Wypozyczenie values ('WY012', 'SP003', 'KL001', '2019/01/16', '2019/01/18')
insert into Wypozyczenie values ('WY013', 'SP013', 'KL002', '2019/12/16', '2019/12/18')
insert into Wypozyczenie values ('WY014', 'SP023', 'KL009', '2019/12/28', NULL)
insert into Wypozyczenie values ('WY015', 'SP033', 'KL008', '2019/12/29', NULL)
insert into Wypozyczenie values ('WY016', 'SP043', 'KL001', '2019/12/29', NULL)

select * from Klient
select * from Wypozyczenie
select * from Sprzet
select * from Magazyn
select * from Miasta
select * from Pracownik
select * from Stanowisko

